week_index;year;monday;total;0_30;30_35;35_40;40_45;45_50;50_55;55_60;60_65;65_70;70_75;75_80;80_85;85_90;90_95;gt_95
1;2010;04.01.10;17560;144;50;71;196;357;501;694;785;1292;1978;2437;3192;3386;1505;972
2;2010;11.01.10;17776;139;42;86;167;322;510;635;831;1376;2071;2362;3166;3423;1581;1065
3;2010;18.01.10;17309;167;57;81;178;307;462;626;788;1295;1947;2351;3165;3422;1471;992
4;2010;25.01.10;17455;159;41;100;174;308;469;685;769;1288;2052;2428;3153;3306;1549;974
5;2010;01.02.10;17590;153;48;88;160;307;431;681;760;1384;2057;2396;3078;3507;1516;1024
6;2010;08.02.10;17701;159;40;77;197;336;494;708;770;1380;2061;2378;3248;3302;1601;950
7;2010;15.02.10;18077;156;43;79;167;339;493;682;798;1322;2063;2411;3380;3539;1569;1036
8;2010;22.02.10;17898;169;46;90;163;339;469;681;835;1353;2019;2463;3218;3432;1624;997
9;2010;01.03.10;17215;164;56;77;205;295;464;647;828;1238;1988;2322;3145;3285;1507;994
10;2010;08.03.10;17387;148;52;72;171;308;464;633;779;1267;2035;2368;3225;3368;1485;1012
11;2010;15.03.10;17683;158;59;85;179;278;497;649;791;1316;2018;2432;3199;3475;1546;1001
12;2010;22.03.10;16831;185;47;77;163;300;445;619;734;1271;1957;2356;3065;3159;1527;926
13;2010;29.03.10;16452;179;44;72;157;300;470;646;713;1245;1894;2230;2952;3159;1494;897
14;2010;05.04.10;16025;165;52;82;168;299;458;631;723;1235;1848;2239;2840;3007;1383;895
15;2010;12.04.10;16200;170;52;89;176;302;442;640;700;1204;1885;2189;3010;3139;1350;852
16;2010;19.04.10;16367;170;46;71;188;301;469;606;718;1260;1922;2233;2970;3115;1433;865
17;2010;26.04.10;16356;160;34;64;168;295;451;626;763;1147;1918;2276;2961;3158;1401;934
18;2010;03.05.10;15795;158;47;86;175;310;486;605;765;1186;1917;2167;2771;2963;1366;793
19;2010;10.05.10;15778;162;55;78;184;283;431;647;772;1201;1855;2239;2766;2903;1372;830
20;2010;17.05.10;15788;175;51;71;149;271;455;669;762;1181;1887;2165;2849;2886;1382;835
21;2010;24.05.10;16029;177;49;78;154;278;472;648;794;1176;1830;2174;2836;3026;1502;835
22;2010;31.05.10;15497;170;50;81;140;319;467;601;766;1174;1853;2180;2733;2792;1370;801
23;2010;07.06.10;15919;165;48;86;169;301;470;625;766;1167;1878;2094;2854;3017;1452;827
24;2010;14.06.10;15106;185;51;69;165;294;427;617;782;1123;1766;2192;2684;2672;1296;783
25;2010;21.06.10;15514;178;41;68;161;302;429;611;694;1179;1891;2064;2805;2933;1398;760
26;2010;28.06.10;17346;196;48;92;198;306;420;689;793;1262;2039;2390;3102;3385;1499;927
27;2010;05.07.10;16982;174;52;88;166;314;474;671;774;1235;2064;2295;3051;3157;1531;936
28;2010;12.07.10;18026;192;50;82;170;319;503;626;783;1281;2049;2386;3315;3540;1722;1008
29;2010;19.07.10;15543;182;45;91;152;276;422;605;796;1168;1858;2042;2807;2904;1426;769
30;2010;26.07.10;14864;168;58;63;149;292;437;584;732;1128;1783;2034;2617;2735;1308;776
31;2010;02.08.10;15097;156;58;86;166;289;478;595;793;1129;1775;2013;2661;2787;1345;766
32;2010;09.08.10;15406;158;48;83;155;305;476;545;730;1145;1878;2021;2790;2883;1421;768
33;2010;16.08.10;15362;168;40;72;158;296;470;625;724;1078;1814;2135;2739;2880;1380;783
34;2010;23.08.10;15215;164;47;62;131;298;425;576;735;1136;1783;2062;2737;2820;1421;818
35;2010;30.08.10;14979;173;56;69;146;291;454;640;763;1087;1781;2042;2646;2737;1304;790
36;2010;06.09.10;15603;199;64;86;165;275;469;590;744;1175;1817;2135;2832;2854;1408;790
37;2010;13.09.10;15464;180;54;67;181;316;447;625;721;1141;1857;2039;2774;2837;1417;808
38;2010;20.09.10;16031;158;54;74;176;303;426;628;773;1184;1894;2148;2834;3058;1458;863
39;2010;27.09.10;15621;154;49;65;178;303;429;619;785;1102;1847;2191;2807;2873;1399;820
40;2010;04.10.10;16086;175;50;69;170;276;497;635;772;1179;1878;2218;2917;2946;1440;864
41;2010;11.10.10;15909;133;56;70;152;296;454;634;765;1215;1917;2167;2837;2930;1426;857
42;2010;18.10.10;16061;153;41;84;133;300;451;632;793;1135;1963;2177;2797;3004;1507;891
43;2010;25.10.10;16457;142;43;68;150;294;500;556;759;1158;1889;2217;2965;3212;1640;864
44;2010;01.11.10;15981;186;41;75;128;297;462;606;776;1097;1848;2196;2899;2927;1523;920
45;2010;08.11.10;16316;184;42;73;171;323;488;624;764;1130;1923;2266;2905;3086;1517;820
46;2010;15.11.10;16002;165;42;60;154;300;449;600;876;1109;1889;2187;2893;2964;1472;842
47;2010;22.11.10;16553;155;52;81;161;325;467;569;818;1147;1923;2251;3021;3189;1580;814
48;2010;29.11.10;17065;136;55;75;155;303;466;678;834;1225;1998;2391;3055;3205;1598;891
49;2010;06.12.10;17781;162;58;82;169;323;471;628;882;1216;2104;2422;3253;3389;1689;933
50;2010;13.12.10;17683;172;45;77;157;309;447;668;868;1268;2081;2409;3231;3304;1701;946
51;2010;20.12.10;18030;173;53;68;166;315;487;684;900;1244;2069;2420;3270;3500;1769;912
52;2010;27.12.10;17882;164;49;67;152;341;448;620;888;1269;2001;2420;3274;3381;1807;1001
53;2011;03.01.11;18087;148;54;79;159;293;493;697;936;1184;2059;2479;3264;3458;1831;953
54;2011;10.01.11;17495;174;38;73;164;301;505;654;826;1168;1987;2406;3118;3416;1688;977
55;2011;17.01.11;16652;194;41;65;158;311;480;698;852;1144;1950;2300;2931;3099;1531;898
56;2011;24.01.11;16909;168;53;82;146;314;487;667;857;1218;1931;2290;3032;3195;1601;868
57;2011;31.01.11;17681;177;60;67;184;301;468;734;876;1225;2014;2459;3247;3235;1699;935
58;2011;07.02.11;17346;182;57;82;152;319;466;691;878;1171;2067;2362;3051;3284;1683;901
59;2011;14.02.11;17294;176;40;78;164;298;499;659;858;1173;2020;2374;3091;3249;1682;933
60;2011;21.02.11;17237;176;52;73;155;308;501;661;824;1220;1991;2341;3062;3235;1707;931
61;2011;28.02.11;17266;174;52;73;172;321;534;654;833;1194;2054;2364;3089;3160;1692;900
62;2011;07.03.11;17722;154;66;73;161;311;507;645;853;1175;2029;2434;3163;3355;1879;917
63;2011;14.03.11;17345;148;50;72;158;284;482;659;876;1115;2056;2332;3099;3297;1804;913
64;2011;21.03.11;17057;177;48;61;151;310;465;633;855;1191;1964;2349;3056;3254;1690;853
65;2011;28.03.11;17410;174;70;74;200;277;509;640;803;1221;1955;2350;3045;3428;1746;918
66;2011;04.04.11;15935;179;56;67;142;308;434;621;840;1037;1858;2134;2862;2911;1623;863
67;2011;11.04.11;16158;154;45;79;151;255;469;599;851;1119;1913;2236;2863;3078;1611;735
68;2011;18.04.11;16907;165;63;70;148;324;477;632;850;1164;1971;2271;3039;3111;1744;878
69;2011;25.04.11;16048;166;56;63;136;277;420;593;773;1094;1827;2203;2866;3106;1636;832
70;2011;02.05.11;16171;170;39;65;151;333;467;693;806;1055;1881;2258;2901;2923;1634;795
71;2011;09.05.11;16306;152;42;57;152;299;478;658;807;1093;1936;2287;2885;3113;1584;763
72;2011;16.05.11;15978;174;54;65;140;296;465;685;770;1086;1908;2127;2837;2968;1654;749
73;2011;23.05.11;15270;142;36;68;150;304;443;597;776;1045;1840;2137;2662;2821;1552;697
74;2011;30.05.11;15698;153;55;81;134;299;454;651;816;1087;1866;2156;2744;2881;1540;781
75;2011;06.06.11;15239;174;51;64;132;323;414;652;822;1092;1747;2150;2656;2713;1575;674
76;2011;13.06.11;15209;170;58;69;171;282;394;589;787;999;1816;2014;2720;2843;1546;751
77;2011;20.06.11;14879;162;44;49;131;307;455;582;828;1036;1805;2066;2609;2693;1448;664
78;2011;27.06.11;15322;172;53;64;126;293;456;607;846;1107;1808;2097;2629;2814;1535;715
79;2011;04.07.11;15503;162;49;83;154;296;430;630;838;1035;1775;2130;2748;2874;1561;738
80;2011;11.07.11;15228;161;37;74;157;291;396;617;766;1052;1783;2099;2708;2784;1548;755
81;2011;18.07.11;14783;176;42;72;143;261;398;603;748;1020;1730;2067;2665;2693;1463;702
82;2011;25.07.11;14976;160;52;61;134;285;392;610;779;957;1813;2049;2648;2805;1493;738
83;2011;01.08.11;15920;151;46;68;165;299;439;622;808;1066;1930;2227;2834;2858;1663;744
84;2011;08.08.11;15104;164;56;72;146;308;455;552;756;1003;1756;2069;2694;2833;1577;663
85;2011;15.08.11;15348;172;50;78;130;282;435;624;808;1006;1888;2074;2594;2798;1620;789
86;2011;22.08.11;15887;198;50;72;158;301;430;652;815;1053;1820;2141;2869;2901;1653;774
87;2011;29.08.11;15125;168;47;70;162;274;496;588;781;1008;1757;2144;2668;2727;1555;680
88;2011;05.09.11;15109;160;44;60;158;325;415;571;774;994;1786;2176;2659;2720;1560;707
89;2011;12.09.11;14887;149;34;78;172;249;462;589;818;919;1791;2131;2572;2710;1502;711
90;2011;19.09.11;15139;156;51;72;168;257;429;615;792;994;1733;2111;2703;2823;1537;698
91;2011;26.09.11;15539;171;47;63;155;280;434;634;802;1029;1871;2121;2728;2832;1649;723
92;2011;03.10.11;15576;137;47;75;157;272;464;610;822;1067;1890;2106;2713;2831;1664;721
93;2011;10.10.11;15999;148;43;52;152;282;451;648;848;976;1910;2193;2824;2946;1778;748
94;2011;17.10.11;16371;140;56;64;159;301;463;614;823;1040;1886;2303;2991;3060;1687;784
95;2011;24.10.11;17142;163;51;71;163;305;475;650;890;1082;1919;2382;3059;3162;1886;884
96;2011;31.10.11;16736;177;46;63;154;316;491;676;824;1068;1937;2195;2961;3070;1915;843
97;2011;07.11.11;16378;145;40;57;134;293;484;602;829;1023;1871;2259;2977;3023;1796;845
98;2011;14.11.11;16914;161;43;49;137;268;498;643;858;1069;1965;2369;2942;3220;1840;852
99;2011;21.11.11;16916;164;58;66;142;279;458;704;849;998;1887;2326;3056;3122;1961;846
100;2011;28.11.11;17539;167;64;61;148;281;469;610;925;1095;2009;2439;3106;3334;1990;841
101;2011;05.12.11;17688;176;57;65;153;281;427;622;851;1134;2061;2397;3197;3343;1999;925
102;2011;12.12.11;17806;158;54;66;138;311;462;603;827;1125;2004;2587;3145;3338;2067;921
103;2011;19.12.11;17798;160;53;71;154;292;502;678;855;1061;2036;2375;3167;3384;2113;897
104;2011;26.12.11;17723;165;43;63;152;296;461;610;890;1074;2016;2360;3203;3364;2134;892
105;2012;02.01.12;17762;166;55;77;152;312;480;653;869;1089;2038;2339;3118;3460;2037;917
106;2012;09.01.12;17145;156;50;56;166;300;475;609;881;1043;1852;2361;3108;3228;2003;857
107;2012;16.01.12;17454;172;45;69;160;306;454;567;888;1073;2062;2343;3183;3257;2017;858
108;2012;23.01.12;16919;149;56;58;145;300;457;577;915;1029;1938;2352;2943;3181;1984;835
109;2012;30.01.12;17631;146;40;58;134;278;482;663;903;1083;2051;2406;3072;3311;2140;864
110;2012;06.02.12;18370;159;43;70;135;305;495;691;923;1083;2106;2531;3235;3495;2144;955
111;2012;13.02.12;18914;172;47;71;152;312;474;677;910;1068;2156;2555;3408;3646;2295;971
112;2012;20.02.12;18629;161;50;60;133;298;455;655;873;1095;1997;2518;3422;3578;2326;1008
113;2012;27.02.12;18149;154;36;66;122;288;448;658;887;1087;2039;2461;3243;3546;2201;913
114;2012;05.03.12;17956;138;47;60;173;293;476;651;884;1066;1890;2531;3220;3461;2157;909
115;2012;12.03.12;17957;140;50;52;175;292;445;666;840;1062;2095;2454;3285;3351;2138;912
116;2012;19.03.12;17341;143;43;67;152;285;437;643;838;1081;2041;2371;3078;3282;2028;852
117;2012;26.03.12;17111;148;46;57;163;302;449;617;836;1082;1960;2404;3073;3170;2043;761
118;2012;02.04.12;17527;151;44;61;130;307;462;641;906;1088;1964;2451;3138;3342;2014;828
119;2012;09.04.12;16912;141;52;68;159;267;443;590;805;1011;1913;2348;3009;3188;2091;827
120;2012;16.04.12;17109;161;38;67;148;303;444;654;849;1040;1911;2375;3073;3174;2062;810
121;2012;23.04.12;16974;155;52;57;139;305;448;658;837;1043;1984;2318;3049;3153;1968;808
122;2012;30.04.12;16563;134;51;62;123;303;444;638;799;1045;1913;2316;2946;3080;1944;765
123;2012;07.05.12;15936;129;46;72;163;290;451;613;809;1010;1891;2254;2749;2898;1869;692
124;2012;14.05.12;15807;139;44;58;136;270;482;636;809;984;1800;2269;2735;2938;1833;674
125;2012;21.05.12;16533;147;42;81;149;277;468;651;860;1091;1847;2360;2936;3033;1900;691
126;2012;28.05.12;15507;160;43;58;146;270;464;597;798;963;1817;2176;2745;2830;1781;659
127;2012;04.06.12;15560;171;54;65;133;267;463;601;851;965;1840;2110;2774;2829;1780;657
128;2012;11.06.12;15398;167;40;70;134;280;448;580;827;1025;1773;2093;2770;2798;1761;632
129;2012;18.06.12;15550;158;61;70;145;287;451;626;840;1001;1737;2141;2713;2819;1833;668
130;2012;25.06.12;15693;164;45;54;128;256;457;629;808;995;1851;2223;2694;2866;1880;643
131;2012;02.07.12;15832;168;56;82;144;277;476;572;846;1022;1866;2241;2755;2839;1833;655
132;2012;09.07.12;14882;155;52;64;104;268;449;603;787;952;1682;2106;2639;2698;1681;642
133;2012;16.07.12;15026;125;54;63;146;257;421;606;811;963;1753;2103;2611;2748;1702;663
134;2012;23.07.12;16293;185;39;63;132;290;455;622;854;1001;1959;2204;2905;2961;1913;710
135;2012;30.07.12;15437;155;51;60;138;276;437;595;816;961;1792;2160;2733;2800;1786;677
136;2012;06.08.12;14639;153;47;76;128;235;476;589;727;920;1615;2111;2627;2638;1684;613
137;2012;13.08.12;15597;156;52;64;146;260;446;598;817;976;1813;2256;2644;2861;1799;709
138;2012;20.08.12;16455;153;44;74;148;284;427;590;886;985;1830;2402;2956;3003;1978;695
139;2012;27.08.12;14688;141;44;77;108;303;398;609;772;963;1742;2085;2476;2671;1711;588
140;2012;03.09.12;14983;169;31;54;114;295;429;605;738;934;1706;2088;2629;2825;1718;648
141;2012;10.09.12;15494;138;42;65;134;281;447;637;810;983;1793;2220;2722;2766;1774;682
142;2012;17.09.12;15553;163;42;43;141;277;475;634;889;935;1782;2088;2804;2790;1851;639
143;2012;24.09.12;15974;153;42;69;135;265;453;601;788;1028;1904;2273;2881;2895;1826;661
144;2012;01.10.12;15818;142;50;60;166;263;430;608;769;974;1780;2239;2776;3034;1876;651
145;2012;08.10.12;16254;147;46;64;141;260;433;627;849;1015;1864;2387;2770;2997;1983;671
146;2012;15.10.12;16775;159;53;64;162;321;446;638;867;1046;1865;2402;2901;3045;2069;737
147;2012;22.10.12;16356;130;51;58;143;276;426;642;845;997;1880;2304;2875;3046;1952;731
148;2012;29.10.12;17020;158;51;56;129;260;466;673;841;1097;1941;2420;2981;3041;2115;791
149;2012;05.11.12;16844;114;43;68;134;297;471;646;879;1035;1849;2401;2960;3087;2148;712
150;2012;12.11.12;16774;159;41;55;158;299;430;645;910;1086;1845;2372;3016;3039;2038;681
151;2012;19.11.12;16919;120;55;55;156;283;481;602;890;976;1879;2387;3057;3093;2127;758
152;2012;26.11.12;17074;140;42;62;137;315;468;622;886;1037;1973;2414;3030;3160;2082;706
153;2012;03.12.12;17403;155;48;63;144;291;452;625;887;1092;1971;2454;3088;3249;2196;688
154;2012;10.12.12;18104;164;54;74;113;262;496;638;923;1117;2035;2532;3215;3421;2276;784
155;2012;17.12.12;17986;134;41;68;138;262;499;657;962;1092;1910;2574;3159;3445;2269;776
156;2012;24.12.12;17835;129;53;66;119;286;470;656;885;1004;1989;2489;3201;3294;2390;804
157;2013;31.12.12;18243;145;61;72;144;303;526;685;903;1051;1933;2599;3220;3480;2292;829
158;2013;07.01.13;17933;157;41;61;152;310;451;686;917;1086;1990;2531;3114;3347;2315;775
159;2013;14.01.13;18251;138;42;58;128;291;529;679;904;1043;1965;2550;3299;3383;2382;860
160;2013;21.01.13;18861;150;50;61;116;282;496;729;893;1155;2127;2660;3271;3564;2415;892
161;2013;28.01.13;19980;154;57;63;145;292;509;764;983;1204;2146;2879;3496;3853;2535;900
162;2013;04.02.13;20026;170;42;68;148;303;530;720;1016;1201;2111;2849;3520;3812;2637;899
163;2013;11.02.13;20373;165;48;70;140;307;520;740;1025;1230;2210;2829;3575;3887;2682;945
164;2013;18.02.13;20776;168;48;89;151;330;495;777;1045;1201;2188;2820;3611;3950;2872;1031
165;2013;25.02.13;21250;180;51;76;162;331;533;729;1036;1209;2219;2899;3570;4284;2943;1028
166;2013;04.03.13;21172;179;55;82;142;294;541;723;1015;1237;2191;2946;3649;4212;2913;993
167;2013;11.03.13;20197;135;57;71;157;307;507;704;952;1202;2099;2874;3483;3950;2791;908
168;2013;18.03.13;19789;159;47;66;118;279;510;732;1008;1155;2094;2804;3394;3782;2743;898
169;2013;25.03.13;19320;140;45;54;143;267;485;705;937;1076;1984;2766;3336;3792;2737;853
170;2013;01.04.13;19293;154;50;59;140;288;514;664;938;1087;2015;2714;3424;3719;2644;883
171;2013;08.04.13;19390;170;40;65;158;304;476;677;932;1176;2033;2759;3297;3786;2636;881
172;2013;15.04.13;18064;172;45;75;150;261;443;700;908;996;1892;2583;3116;3456;2455;812
173;2013;22.04.13;17101;147;46;73;143;294;453;625;865;994;1934;2450;2989;3227;2169;692
174;2013;29.04.13;16408;161;48;76;123;284;467;608;865;996;1834;2279;2938;3063;2014;652
175;2013;06.05.13;16370;153;56;72;117;297;476;609;883;1038;1779;2399;2810;2978;2054;649
176;2013;13.05.13;16083;151;58;58;107;314;481;653;880;1035;1751;2364;2741;2959;1950;581
177;2013;20.05.13;15601;135;50;62;123;264;448;605;782;981;1728;2280;2743;2830;1964;606
178;2013;27.05.13;16351;143;60;64;135;248;462;663;943;986;1794;2440;2847;2972;1947;647
179;2013;03.06.13;16198;154;46;67;124;268;454;621;861;1039;1887;2292;2745;2960;2057;623
180;2013;10.06.13;15888;140;56;66;125;263;448;542;800;988;1843;2401;2779;2887;1959;591
181;2013;17.06.13;17153;150;56;70;151;302;468;666;924;1016;1902;2521;2871;3270;2151;635
182;2013;24.06.13;14870;131;54;73;118;294;422;610;839;932;1665;2165;2537;2688;1799;543
183;2013;01.07.13;15614;143;41;72;134;297;452;614;801;978;1762;2387;2662;2801;1899;571
184;2013;08.07.13;15238;135;58;60;119;285;417;603;797;1025;1716;2276;2563;2756;1856;572
185;2013;15.07.13;15856;157;46;72;118;283;477;613;867;1009;1805;2350;2706;2809;1921;623
186;2013;22.07.13;16853;164;42;80;136;255;440;615;907;1001;1862;2465;2937;3136;2195;618
187;2013;29.07.13;16077;152;54;75;139;302;490;597;839;982;1861;2321;2790;2865;2038;572
188;2013;05.08.13;15263;161;45;61;129;271;455;610;839;885;1698;2312;2586;2790;1882;539
189;2013;12.08.13;15226;150;54;70;126;291;452;660;789;986;1736;2206;2492;2731;1909;574
190;2013;19.08.13;15182;130;59;54;127;238;402;619;813;925;1704;2257;2541;2810;1966;537
191;2013;26.08.13;15176;144;53;70;105;251;384;591;815;943;1667;2208;2640;2832;1903;570
192;2013;02.09.13;15631;137;47;73;156;256;454;585;848;917;1765;2327;2707;2833;1978;548
193;2013;09.09.13;14680;145;43;62;108;264;410;575;790;906;1620;2167;2475;2673;1871;571
194;2013;16.09.13;15312;164;48;60;130;256;437;620;817;1000;1758;2219;2573;2764;1937;529
195;2013;23.09.13;15719;131;44;60;118;263;451;639;788;974;1679;2387;2634;2886;2049;616
196;2013;30.09.13;15894;137;54;63;111;245;473;596;832;1000;1720;2400;2682;2954;2049;578
197;2013;07.10.13;15939;160;50;53;119;305;440;666;808;950;1813;2337;2727;2878;2011;622
198;2013;14.10.13;16238;158;34;58;135;276;434;625;844;995;1699;2380;2781;3113;2098;608
199;2013;21.10.13;16754;161;35;71;112;292;447;596;889;1012;1829;2517;2857;3102;2181;653
200;2013;28.10.13;15950;128;40;61;121;245;478;605;890;1042;1750;2367;2665;2879;2042;637
201;2013;04.11.13;16227;133;48;70;119;252;468;601;871;1011;1784;2422;2848;3007;1999;594
202;2013;11.11.13;16185;131;43;68;124;256;456;587;851;993;1812;2374;2672;3137;2120;561
203;2013;18.11.13;16720;137;60;51;134;277;459;674;876;1008;1831;2495;2815;3096;2172;635
204;2013;25.11.13;16527;125;53;61;116;256;521;654;892;997;1795;2488;2713;3073;2141;642
205;2013;02.12.13;17198;127;48;80;127;280;489;623;846;994;1848;2523;2941;3337;2294;641
206;2013;09.12.13;17036;148;61;54;122;234;436;664;856;1018;1810;2531;2865;3298;2299;640
207;2013;16.12.13;17306;155;54;54;137;248;460;676;907;1074;1834;2556;3003;3143;2353;652
208;2013;23.12.13;17080;129;52;69;126;277;428;649;882;1067;1870;2499;2873;3195;2295;669
209;2014;30.12.13;16785;142;56;67;112;246;479;641;861;973;1745;2506;2851;3225;2252;629
210;2014;06.01.14;17210;163;41;55;112;299;528;679;871;1014;1759;2520;2901;3226;2363;679
211;2014;13.01.14;16814;121;56;55;103;267;454;654;861;1030;1793;2470;2765;3272;2270;643
212;2014;20.01.14;16825;140;36;56;136;273;474;656;848;1050;1790;2521;2800;3158;2251;636
213;2014;27.01.14;17366;138;32;69;134;296;473;675;916;998;1947;2683;2805;3277;2246;677
214;2014;03.02.14;17534;139;62;72;135;278;490;638;882;1061;1813;2667;2983;3231;2425;658
215;2014;10.02.14;17422;155;44;71;142;237;441;603;950;1046;1874;2592;2938;3337;2327;665
216;2014;17.02.14;17211;133;46;61;120;222;470;660;877;1034;1830;2618;2917;3251;2306;666
217;2014;24.02.14;17345;162;50;60;133;279;443;670;912;1014;1818;2631;2982;3218;2348;625
218;2014;03.03.14;17449;134;46;64;133;281;479;670;930;1100;1811;2636;2894;3334;2251;686
219;2014;10.03.14;17491;142;35;71;130;279;488;622;900;1060;1768;2658;2991;3292;2384;671
220;2014;17.03.14;17579;148;42;63;120;278;455;644;905;1064;1863;2664;2938;3351;2340;704
221;2014;24.03.14;17418;161;38;86;135;246;449;628;969;970;1795;2637;2907;3259;2432;706
222;2014;31.03.14;17541;144;73;87;134;256;461;632;952;1023;1832;2684;2980;3214;2422;647
223;2014;07.04.14;16746;158;50;68;116;255;446;631;856;1026;1777;2506;2769;3237;2254;597
224;2014;14.04.14;16540;125;55;63;100;251;452;597;846;962;1672;2494;2833;3178;2297;615
225;2014;21.04.14;16550;156;52;52;124;235;414;623;873;960;1772;2420;2831;3120;2281;637
226;2014;28.04.14;15803;143;54;63;109;235;466;609;805;952;1653;2366;2578;2945;2214;611
227;2014;05.05.14;16074;143;54;67;110;257;437;609;834;956;1802;2443;2654;2953;2137;618
228;2014;12.05.14;15763;171;44;72;123;250;461;631;882;896;1711;2403;2615;2882;2068;554
229;2014;19.05.14;16453;145;47;65;141;249;440;669;882;984;1753;2379;2776;3107;2206;610
230;2014;26.05.14;15211;127;47;72;124;222;434;588;801;899;1707;2329;2458;2799;2046;558
231;2014;02.06.14;16215;153;52;73;125;262;461;614;848;1033;1705;2517;2651;2989;2117;615
232;2014;09.06.14;16176;167;49;59;129;282;473;648;844;942;1719;2379;2683;3044;2151;607
233;2014;16.06.14;15268;130;54;71;104;274;421;593;868;902;1602;2312;2554;2742;2088;553
234;2014;23.06.14;15583;150;52;55;124;258;468;631;863;858;1665;2340;2609;2911;2036;563
235;2014;30.06.14;16029;150;47;60;90;261;446;636;876;965;1736;2472;2654;2832;2188;616
236;2014;07.07.14;15845;150;50;57;121;271;468;625;813;957;1600;2451;2623;2961;2116;582
237;2014;14.07.14;16631;151;53;60;127;282;453;635;932;1027;1746;2454;2799;3146;2166;600
238;2014;21.07.14;16370;151;55;83;129;266;446;643;828;983;1748;2407;2768;3105;2166;592
239;2014;28.07.14;15793;123;39;76;109;264;511;620;821;951;1662;2370;2681;2893;2099;574
240;2014;04.08.14;15435;141;40;71;119;263;441;596;846;932;1626;2367;2549;2836;2042;566
241;2014;11.08.14;15011;124;41;70;92;249;419;562;809;922;1635;2322;2395;2843;2023;505
242;2014;18.08.14;15526;149;54;52;98;233;473;656;833;951;1671;2361;2546;2871;2058;520
243;2014;25.08.14;15938;140;49;68;117;275;446;601;830;969;1641;2431;2645;3002;2127;597
244;2014;01.09.14;16260;148;57;61;138;253;443;629;857;999;1791;2406;2619;3034;2210;615
245;2014;08.09.14;15840;145;44;61;123;240;437;629;844;974;1633;2362;2623;2982;2174;569
246;2014;15.09.14;16075;149;50;66;122;275;437;658;886;932;1665;2407;2619;3014;2217;578
247;2014;22.09.14;15692;156;38;56;122;253;471;621;832;955;1662;2437;2533;2885;2106;565
248;2014;29.09.14;16115;157;58;68;109;264;437;602;914;922;1659;2448;2623;3017;2214;623
249;2014;06.10.14;16412;157;60;55;127;260;499;608;879;991;1739;2395;2785;3024;2209;624
250;2014;13.10.14;16424;136;47;58;107;244;447;666;865;990;1679;2475;2743;3088;2246;633
251;2014;20.10.14;16415;110;41;74;93;276;431;623;865;989;1722;2545;2803;2993;2224;626
252;2014;27.10.14;16750;170;53;64;120;258;462;662;872;989;1650;2579;2800;3111;2244;716
253;2014;03.11.14;17013;145;50;69;128;250;488;706;869;1022;1771;2580;2778;3165;2336;656
254;2014;10.11.14;17288;150;49;59;101;234;458;672;919;1028;1782;2596;2894;3276;2404;666
255;2014;17.11.14;17062;138;53;58;113;280;473;670;895;1032;1751;2570;2846;3235;2260;688
256;2014;24.11.14;17499;136;45;52;135;292;470;656;926;1068;1804;2596;2898;3309;2335;777
257;2014;01.12.14;17964;146;59;64;111;272;477;698;972;1065;1762;2740;2957;3418;2477;746
258;2014;08.12.14;18635;153;51;62;114;282;494;712;937;1147;1810;2803;3172;3533;2625;740
259;2014;15.12.14;18378;150;54;83;103;273;470;606;989;1060;1824;2773;3110;3536;2569;778
260;2014;22.12.14;18139;125;43;81;123;272;446;645;931;1062;1755;2753;3016;3569;2523;795
261;2015;29.12.14;18713;152;48;69;129;265;508;666;934;1087;1879;2765;3114;3620;2632;845
262;2015;05.01.15;19283;154;55;61;143;304;467;693;977;1078;1880;2819;3289;3732;2784;847
263;2015;12.01.15;19500;139;56;80;131;275;443;658;964;1065;1884;2997;3313;3781;2844;870
264;2015;19.01.15;19346;146;44;65;124;273;454;703;954;1108;1871;2913;3277;3779;2750;885
265;2015;26.01.15;20716;150;59;65;119;296;509;706;1012;1173;1989;3054;3479;4063;3086;956
266;2015;02.02.15;20905;169;59;64;133;304;515;725;979;1183;1938;3040;3591;4249;3012;944
267;2015;09.02.15;22395;173;51;68;120;284;505;693;1108;1220;2069;3325;3677;4595;3423;1084
268;2015;16.02.15;23264;158;56;66;147;312;499;740;1114;1325;2103;3287;3896;4757;3707;1097
269;2015;23.02.15;23598;152;59;72;121;300;541;733;1110;1270;2206;3405;4070;4701;3687;1171
270;2015;02.03.15;22002;166;56;74;131;309;516;744;1025;1151;2055;3269;3734;4291;3383;1098
271;2015;09.03.15;20770;151;47;71;114;251;484;703;979;1167;1951;2990;3490;4161;3180;1031
272;2015;16.03.15;20009;173;65;68;132;320;511;733;934;1130;1868;2991;3438;3829;2880;937
273;2015;23.03.15;19106;177;43;62;110;281;455;672;935;1128;1857;2767;3295;3729;2712;883
274;2015;30.03.15;18668;153;60;72;142;248;485;678;914;1096;1851;2806;3096;3697;2552;818
275;2015;06.04.15;18089;157;45;62;127;260;499;658;961;1138;1774;2635;2999;3463;2542;769
276;2015;13.04.15;18116;130;63;65;128;248;466;687;980;1089;1716;2817;2975;3491;2449;812
277;2015;20.04.15;17668;188;58;58;116;258;455;719;878;1100;1686;2644;2973;3351;2419;765
278;2015;27.04.15;17114;149;61;69;105;239;428;637;863;1064;1692;2664;2886;3258;2318;681
279;2015;04.05.15;17072;148;57;55;102;259;470;715;902;1048;1660;2624;2736;3247;2385;664
280;2015;11.05.15;16732;163;57;78;156;242;446;686;925;1039;1699;2494;2780;3076;2174;717
281;2015;18.05.15;16330;147;46;56;114;252;464;662;870;992;1574;2568;2703;3096;2124;662
282;2015;25.05.15;16200;140;47;59;102;256;470;669;871;918;1619;2613;2648;2942;2194;652
283;2015;01.06.15;16777;157;62;63;124;254;463;675;960;1016;1577;2609;2769;3182;2189;677
284;2015;08.06.15;16272;161;48;61;124;262;469;650;894;1070;1586;2483;2627;2968;2182;687
285;2015;15.06.15;15619;156;53;58;97;247;482;629;874;1060;1501;2345;2649;2855;1998;615
286;2015;22.06.15;16152;164;54;81;115;281;429;600;903;1066;1649;2495;2714;2879;2043;679
287;2015;29.06.15;19252;177;56;81;131;302;510;712;1039;1189;1780;2861;3299;3693;2603;819
288;2015;06.07.15;17361;160;58;72;122;243;500;694;871;1065;1773;2620;2862;3275;2338;708
289;2015;13.07.15;16447;141;56;66;109;249;485;691;889;994;1611;2533;2741;2993;2154;735
290;2015;20.07.15;16272;147;53;68;112;262;427;615;902;1000;1593;2526;2788;2960;2095;724
291;2015;27.07.15;15432;157;41;72;114;215;405;632;819;1012;1522;2380;2667;2762;1976;658
292;2015;03.08.15;16651;149;50;73;109;245;447;661;942;1091;1523;2591;2767;3083;2179;741
293;2015;10.08.15;16881;163;58;58;115;232;462;626;882;1082;1562;2598;2894;3178;2223;748
294;2015;17.08.15;15233;157;54;76;113;255;449;638;859;975;1423;2286;2571;2818;1908;651
295;2015;24.08.15;16117;156;54;66;99;224;452;593;839;1018;1586;2450;2696;3066;2104;714
296;2015;31.08.15;15654;124;50;65;103;229;430;653;857;1019;1482;2393;2672;2918;1989;670
297;2015;07.09.15;15952;147;57;84;127;244;455;639;864;1052;1532;2435;2652;2917;2094;653
298;2015;14.09.15;16034;150;55;67;106;232;470;632;879;1009;1522;2412;2693;2952;2131;724
299;2015;21.09.15;15667;157;51;66;97;216;459;615;801;964;1558;2369;2778;2877;1985;674
300;2015;28.09.15;16429;123;45;66;133;265;458;705;879;1071;1558;2489;2692;3120;2151;674
301;2015;05.10.15;16776;157;55;87;96;239;428;662;947;1095;1504;2614;2826;3169;2132;765
302;2015;12.10.15;16848;165;58;59;131;250;452;651;833;1139;1516;2587;2868;3166;2268;705
303;2015;19.10.15;17341;152;54;85;106;234;455;689;925;1090;1586;2592;3007;3174;2421;771
304;2015;26.10.15;16795;159;50;71;110;251;464;634;918;1071;1505;2557;2810;3185;2262;748
305;2015;02.11.15;17024;150;56;80;85;221;440;677;867;1068;1583;2705;2903;3116;2303;770
306;2015;09.11.15;16618;159;46;71;116;250;440;656;817;1035;1565;2509;2883;3121;2232;718
307;2015;16.11.15;16849;154;49;57;84;202;447;665;860;1088;1615;2607;2815;3175;2249;782
308;2015;23.11.15;16802;138;58;74;125;250;455;640;890;1077;1530;2627;2857;3135;2254;692
309;2015;30.11.15;17009;154;56;83;97;262;414;663;873;1078;1518;2706;2887;3194;2279;745
310;2015;07.12.15;17054;148;38;69;108;239;460;669;885;1163;1528;2574;2931;3181;2304;757
311;2015;14.12.15;17408;160;49;73;102;259;421;657;907;1155;1586;2674;2916;3319;2404;726
312;2015;21.12.15;17176;137;48;87;119;230;456;663;819;1106;1569;2593;2932;3357;2262;798
313;2015;28.12.15;17210;153;70;75;110;225;460;676;878;1096;1546;2601;2928;3307;2291;794
314;2016;04.01.16;18467;146;53;62;117;273;513;710;978;1219;1611;2811;3074;3527;2519;854
315;2016;11.01.16;18439;149;55;68;125;258;462;745;983;1205;1585;2737;3139;3570;2511;847
316;2016;18.01.16;18627;125;57;72;114;254;475;683;913;1230;1653;2843;3143;3563;2629;873
317;2016;25.01.16;18707;160;58;68;115;261;482;702;945;1244;1638;2855;3136;3570;2572;901
318;2016;01.02.16;18493;157;70;70;131;266;496;668;943;1207;1670;2852;3124;3554;2426;859
319;2016;08.02.16;18541;165;52;72;116;256;518;765;983;1210;1600;2740;3116;3600;2481;867
320;2016;15.02.16;18483;146;67;66;106;256;468;726;955;1233;1662;2812;3200;3397;2528;861
321;2016;22.02.16;18475;153;49;62;118;257;479;715;1008;1188;1610;2810;3112;3518;2528;868
322;2016;29.02.16;18926;160;47;72;112;271;457;698;1037;1218;1715;2876;3239;3597;2556;871
323;2016;07.03.16;18888;147;46;73;131;270;493;753;966;1255;1726;2803;3230;3556;2543;896
324;2016;14.03.16;18971;167;63;70;128;263;505;710;949;1244;1594;3013;3224;3586;2567;888
325;2016;21.03.16;18826;174;50;78;120;245;475;726;1013;1186;1700;2913;3223;3479;2533;911
326;2016;28.03.16;18617;179;64;78;135;276;464;715;943;1234;1668;2855;3099;3458;2551;898
327;2016;04.04.16;18244;141;48;69;110;248;458;734;943;1188;1607;2792;3021;3535;2435;915
328;2016;11.04.16;17712;135;53;73;93;214;514;695;909;1160;1620;2824;2872;3349;2373;828
329;2016;18.04.16;16775;150;41;77;111;271;437;670;890;1080;1505;2572;2869;3149;2180;773
330;2016;25.04.16;17053;144;49;70;120;242;426;616;948;1097;1497;2622;2919;3193;2299;811
331;2016;02.05.16;16901;163;45;68;111;239;448;669;888;1131;1452;2543;2909;3224;2239;772
332;2016;09.05.16;17629;163;47;96;135;254;478;694;894;1144;1538;2645;3075;3222;2351;893
333;2016;16.05.16;16601;162;44;84;103;225;440;627;841;1170;1459;2484;2893;3166;2137;766
334;2016;23.05.16;16286;158;50;78;103;212;452;618;832;1151;1399;2410;2818;3026;2145;834
335;2016;30.05.16;16346;151;39;68;103;261;440;663;906;1118;1346;2547;2794;3022;2120;768
336;2016;06.06.16;15799;162;59;62;106;247;454;646;843;1014;1361;2474;2646;2846;2108;771
337;2016;13.06.16;15717;144;40;68;91;215;434;620;841;1037;1420;2476;2664;2870;2039;758
338;2016;20.06.16;16910;138;50;79;117;244;482;699;964;1164;1532;2587;2845;3121;2100;788
339;2016;27.06.16;15699;169;57;66;96;242;374;639;830;1077;1385;2424;2743;2835;2042;720
340;2016;04.07.16;16229;166;44;73;123;262;451;685;902;1092;1420;2523;2684;2931;2118;755
341;2016;11.07.16;16172;155;47;74;89;236;417;652;888;1070;1399;2438;2810;3051;2062;784
342;2016;18.07.16;16985;177;52;65;104;266;447;684;898;1199;1500;2513;2884;3118;2265;813
343;2016;25.07.16;16157;154;58;78;101;240;432;605;868;1140;1429;2424;2745;3003;2112;768
344;2016;01.08.16;15439;156;50;63;101;228;413;609;781;1058;1376;2323;2659;2904;1942;776
345;2016;08.08.16;15487;138;59;74;92;219;435;644;851;1141;1347;2365;2561;2809;2006;746
346;2016;15.08.16;16258;138;60;70;102;251;400;676;893;1115;1357;2440;2804;2998;2163;791
347;2016;22.08.16;17147;165;53;71;125;221;439;647;933;1145;1418;2633;2996;3263;2211;827
348;2016;29.08.16;16101;176;41;64;110;221;443;625;858;1121;1431;2506;2812;2809;2094;790
349;2016;05.09.16;16116;161;52;74;108;242;448;644;850;1092;1336;2425;2766;3074;2057;787
350;2016;12.09.16;16372;166;46;79;114;246;402;662;856;1130;1360;2467;2812;3130;2118;784
351;2016;19.09.16;15606;153;45;65;104;235;385;626;801;1109;1373;2357;2611;2850;2135;757
352;2016;26.09.16;16336;161;48;56;120;235;419;689;843;1138;1337;2507;2777;3099;2137;770
353;2016;03.10.16;16352;156;53;60;98;260;453;695;853;1127;1371;2502;2774;2982;2148;820
354;2016;10.10.16;17427;192;48;59;106;260;426;681;882;1190;1456;2618;3000;3272;2350;887
355;2016;17.10.16;17599;149;61;76;112;206;467;668;880;1158;1482;2705;3049;3329;2371;886
356;2016;24.10.16;17586;126;66;69;114;226;436;713;905;1200;1407;2673;3082;3309;2391;869
357;2016;31.10.16;17580;156;58;84;119;241;442;649;911;1134;1494;2625;3127;3203;2413;924
358;2016;07.11.16;17782;161;52;53;109;227;465;668;933;1228;1425;2699;3041;3381;2406;934
359;2016;14.11.16;18591;182;51;72;104;232;422;695;945;1196;1526;2845;3268;3582;2540;931
360;2016;21.11.16;17911;150;40;70;131;239;412;656;884;1113;1467;2745;3146;3422;2452;984
361;2016;28.11.16;18146;149;47;88;107;247;488;732;900;1210;1441;2707;3197;3487;2436;910
362;2016;05.12.16;18793;149;54;73;137;217;457;721;916;1210;1560;2859;3261;3625;2623;931
363;2016;12.12.16;18885;166;45;77;110;246;442;645;933;1248;1564;2901;3252;3609;2613;1034
364;2016;19.12.16;19376;149;42;71;105;271;452;673;974;1286;1553;2995;3463;3649;2665;1028
365;2016;26.12.16;19744;157;50;69;106;245;435;677;934;1284;1643;2915;3460;3802;2884;1083
366;2017;02.01.17;20918;166;41;75;124;260;468;775;1000;1294;1626;3119;3646;4068;3070;1186
367;2017;09.01.17;22070;171;64;66;118;245;493;739;1020;1375;1754;3227;3873;4289;3392;1244
368;2017;16.01.17;21236;157;47;67;85;251;460;756;1021;1333;1697;3156;3652;4116;3147;1291
369;2017;23.01.17;22083;170;57;63;109;227;442;717;1054;1260;1742;3226;3959;4405;3286;1366
370;2017;30.01.17;23640;156;44;54;110;245;493;839;992;1458;1848;3493;4102;4710;3675;1421
371;2017;06.02.17;22744;148;50;92;102;261;498;725;1027;1347;1781;3343;4046;4545;3400;1379
372;2017;13.02.17;22683;154;45;84;132;228;490;751;1051;1277;1758;3436;4026;4418;3513;1320
373;2017;20.02.17;22266;175;59;85;126;244;432;739;1020;1381;1759;3220;3888;4466;3371;1301
374;2017;27.02.17;20930;154;63;61;105;291;438;706;938;1312;1612;3099;3780;4048;3018;1305
375;2017;06.03.17;19102;156;56;81;101;230;472;696;897;1243;1566;2799;3348;3678;2658;1121
376;2017;13.03.17;18665;169;51;67;114;233;434;700;943;1206;1486;2872;3283;3417;2680;1010
377;2017;20.03.17;17640;137;57;63;94;240;433;685;887;1189;1406;2705;3105;3316;2371;952
378;2017;27.03.17;17731;145;51;79;87;231;455;669;838;1197;1400;2739;3145;3379;2388;928
379;2017;03.04.17;17028;152;56;66;79;220;430;655;879;1160;1442;2585;2943;3191;2298;872
380;2017;10.04.17;16901;138;63;70;102;249;398;701;906;1109;1379;2582;2994;3081;2229;900
381;2017;17.04.17;16637;166;56;62;85;213;405;653;851;1104;1434;2584;2872;3067;2284;801
382;2017;24.04.17;17634;148;59;68;112;254;439;687;1010;1125;1561;2609;3099;3193;2354;916
383;2017;01.05.17;17129;151;44;78;119;243;454;639;924;1205;1383;2595;2955;3162;2283;894
384;2017;08.05.17;17343;128;61;95;114;223;431;669;934;1180;1439;2658;3084;3118;2323;886
385;2017;15.05.17;17079;156;51;71;99;231;460;658;866;1195;1383;2539;3026;3228;2257;859
386;2017;22.05.17;16451;160;62;82;98;203;459;630;873;1164;1342;2449;2947;3005;2117;860
387;2017;29.05.17;16902;140;52;80;100;225;452;675;894;1128;1403;2559;2999;3097;2216;882
388;2017;05.06.17;15846;161;62;69;94;232;435;666;866;1097;1283;2331;2795;2885;2031;839
389;2017;12.06.17;16087;142;50;66;114;216;419;662;849;1114;1261;2465;2806;2873;2238;812
390;2017;19.06.17;16819;160;65;62;105;249;428;675;935;1186;1390;2504;2973;2931;2304;852
391;2017;26.06.17;16076;153;52;72;95;194;381;658;855;1154;1326;2467;2803;2925;2130;811
392;2017;03.07.17;16424;148;59;66;99;232;432;642;854;1159;1377;2436;2938;3022;2140;820
393;2017;10.07.17;15603;138;50;58;98;207;427;609;895;1126;1287;2369;2761;2807;1975;796
394;2017;17.07.17;16589;130;43;67;98;206;405;689;893;1222;1386;2536;2894;3046;2087;887
395;2017;24.07.17;16058;148;53;64;100;217;419;659;873;1109;1326;2474;2826;2939;2069;782
396;2017;31.07.17;16494;132;62;75;116;218;427;646;919;1187;1330;2491;2851;3023;2110;907
397;2017;07.08.17;15784;155;46;64;100;226;362;641;854;1117;1324;2388;2760;2827;2071;849
398;2017;14.08.17;16148;160;48;76;110;216;429;589;913;1201;1330;2380;2867;2898;2065;866
399;2017;21.08.17;15880;129;57;61;99;197;430;619;886;1132;1320;2313;2754;2948;2133;802
400;2017;28.08.17;16064;146;40;69;107;203;406;644;844;1141;1306;2329;2945;2953;2089;842
401;2017;04.09.17;15706;127;56;81;88;216;426;661;821;1112;1305;2354;2779;2837;2004;839
402;2017;11.09.17;16146;147;40;64;103;222;438;606;817;1184;1352;2528;2870;2934;2059;782
403;2017;18.09.17;16505;153;63;79;99;248;431;591;892;1104;1400;2474;2900;3019;2181;871
404;2017;25.09.17;16747;151;47;62;92;226;383;673;830;1135;1367;2542;3008;3096;2230;905
405;2017;02.10.17;16664;125;42;76;95;234;450;697;857;1095;1354;2487;2997;3009;2260;886
406;2017;09.10.17;17470;133;50;73;88;196;449;643;905;1225;1385;2617;3180;3244;2333;949
407;2017;16.10.17;17139;149;50;85;100;211;471;659;875;1215;1420;2460;3104;3074;2320;946
408;2017;23.10.17;17059;155;53;73;100;210;423;636;907;1190;1389;2476;3046;3171;2339;891
409;2017;30.10.17;16762;120;41;84;109;184;441;645;886;1168;1358;2486;2972;3015;2330;923
410;2017;06.11.17;17371;145;45;63;93;208;431;656;909;1214;1381;2618;3103;3253;2307;945
411;2017;13.11.17;17594;133;56;82;92;220;474;660;947;1245;1384;2616;3156;3218;2372;939
412;2017;20.11.17;17676;136;52;71;89;233;450;659;914;1263;1462;2460;3222;3296;2374;995
413;2017;27.11.17;17877;132;42;75;108;226;465;657;931;1279;1437;2648;3227;3231;2477;942
414;2017;04.12.17;18295;163;54;71;101;207;465;676;878;1241;1507;2733;3294;3455;2461;989
415;2017;11.12.17;18504;142;47;75;88;215;446;677;935;1186;1488;2779;3512;3452;2434;1028
416;2017;18.12.17;18500;129;41;65;105;194;419;676;1013;1218;1466;2746;3389;3439;2540;1060
417;2017;25.12.17;18652;165;45;85;103;215;419;643;970;1277;1439;2726;3313;3554;2651;1047
418;2018;01.01.18;19342;159;57;77;112;246;439;728;962;1290;1499;2722;3482;3706;2760;1103
419;2018;08.01.18;18770;148;66;65;102;233;448;727;985;1256;1504;2731;3365;3429;2617;1094
420;2018;15.01.18;19187;152;51;63;113;254;479;698;1002;1313;1489;2887;3452;3543;2601;1090
421;2018;22.01.18;19171;170;44;73;120;216;420;714;1005;1264;1476;2816;3502;3543;2719;1089
422;2018;29.01.18;19558;160;46;60;108;235;455;747;970;1290;1555;2927;3559;3624;2692;1130
423;2018;05.02.18;20086;172;59;65;122;191;431;725;953;1293;1664;3076;3714;3624;2794;1203
424;2018;12.02.18;21254;163;55;77;132;236;493;729;1049;1426;1655;3064;3852;3979;3076;1268
425;2018;19.02.18;22888;130;44;78;105;269;512;827;1145;1499;1873;3174;4113;4269;3391;1459
426;2018;26.02.18;25535;162;58;88;156;262;541;840;1227;1620;2016;3696;4635;4781;3864;1589
427;2018;05.03.18;26777;172;61;85;122;276;570;880;1274;1729;1967;3783;4888;5294;3982;1694
428;2018;12.03.18;24385;158;60;79;110;242;493;880;1134;1557;1891;3447;4592;4627;3580;1535
429;2018;19.03.18;22777;143;41;82;124;243;470;836;1085;1499;1767;3246;4063;4409;3364;1405
430;2018;26.03.18;20906;150;49;78;106;209;463;742;991;1355;1586;3076;3886;3940;3048;1227
431;2018;02.04.18;20038;163;51;74;121;225;447;773;1057;1340;1562;2851;3644;3704;2865;1161
432;2018;09.04.18;19165;152;48;76;106;207;455;709;961;1307;1537;2800;3512;3567;2578;1150
433;2018;16.04.18;17992;154;51;92;90;226;428;737;936;1266;1410;2624;3301;3160;2524;993
434;2018;23.04.18;17093;158;49;60;110;185;437;675;928;1214;1380;2525;3067;3129;2258;918
435;2018;30.04.18;16789;145;40;86;101;208;427;677;899;1168;1336;2499;3066;3046;2151;940
436;2018;07.05.18;17226;141;42;86;135;208;404;674;905;1211;1382;2515;3159;3120;2255;989
437;2018;14.05.18;16488;125;45;67;98;197;398;656;898;1204;1324;2327;3102;3000;2210;837
438;2018;21.05.18;16513;145;66;84;96;200;418;677;896;1200;1259;2357;3100;2988;2178;849
439;2018;28.05.18;17039;134;62;64;88;217;448;665;883;1165;1399;2406;3127;3088;2316;977
440;2018;04.06.18;16714;169;49;71;123;203;437;637;921;1181;1288;2466;3108;2925;2193;943
441;2018;11.06.18;15582;150;50;57;84;194;430;640;888;1099;1269;2305;2806;2794;2041;775
442;2018;18.06.18;15843;158;39;85;92;217;430;630;895;1097;1267;2311;2938;2738;2077;869
443;2018;25.06.18;16569;155;53;82;96;205;425;665;939;1155;1341;2398;3072;2905;2241;837
444;2018;02.07.18;16622;152;55;67;94;199;414;674;895;1134;1360;2383;3041;2940;2339;875
445;2018;09.07.18;16070;150;53;75;120;211;383;654;874;1225;1283;2275;2899;2878;2125;865
446;2018;16.07.18;16702;150;44;74;116;219;391;648;898;1245;1353;2375;2973;3005;2283;928
447;2018;23.07.18;18340;157;72;80;111;223;430;671;955;1197;1448;2617;3467;3349;2513;1050
448;2018;30.07.18;20371;165;52;89;124;212;487;768;1006;1399;1561;2868;3751;3859;2842;1188
449;2018;06.08.18;18478;166;60;72;102;220;441;686;926;1294;1442;2674;3420;3403;2521;1051
450;2018;13.08.18;16890;153;49;74;108;195;420;628;905;1186;1356;2515;3088;3015;2305;893
451;2018;20.08.18;16612;158;55;74;97;210;393;673;892;1199;1282;2308;3085;3043;2283;860
452;2018;27.08.18;16000;124;38;63;93;208;409;642;866;1162;1268;2262;2930;2947;2116;872
453;2018;03.09.18;16390;134;48;74;90;191;418;654;860;1200;1389;2296;3090;2908;2138;900
454;2018;10.09.18;16292;144;55;60;109;215;394;633;867;1156;1292;2313;3070;2925;2205;854
455;2018;17.09.18;16651;155;47;66;93;197;441;640;936;1191;1314;2351;3085;2910;2299;926
456;2018;24.09.18;15969;131;39;59;101;187;402;662;846;1152;1224;2309;3000;2836;2147;874
457;2018;01.10.18;16622;148;46;66;98;209;419;670;927;1218;1382;2283;3080;2950;2250;876
458;2018;08.10.18;16993;161;45;80;107;193;422;656;879;1180;1361;2447;3170;3095;2268;929
459;2018;15.10.18;16552;148;38;61;90;186;407;688;888;1159;1360;2427;3000;2907;2270;923
460;2018;22.10.18;16608;132;55;62;100;206;420;643;880;1157;1319;2372;3139;2964;2226;933
461;2018;29.10.18;16895;135;42;75;96;197;393;704;875;1178;1305;2457;3265;2960;2273;940
462;2018;05.11.18;17604;145;54;85;99;176;420;713;925;1260;1392;2475;3287;3155;2423;995
463;2018;12.11.18;16842;146;47;71;93;198;387;680;899;1229;1357;2413;3144;3047;2251;880
464;2018;19.11.18;17785;164;56;83;100;199;434;657;928;1189;1346;2580;3465;3261;2307;1016
465;2018;26.11.18;18091;123;48;75;94;209;444;702;948;1196;1377;2608;3556;3168;2545;998
466;2018;03.12.18;18342;129;52;78;120;195;410;666;941;1244;1462;2591;3519;3343;2556;1036
467;2018;10.12.18;17943;136;53;80;101;195;388;692;915;1269;1457;2569;3442;3161;2479;1006
468;2018;17.12.18;18990;168;45;71;109;202;413;709;981;1287;1508;2634;3680;3395;2629;1159
469;2018;24.12.18;17954;134;47;56;100;184;414;650;935;1183;1339;2524;3452;3238;2631;1067
470;2019;31.12.18;18686;153;53;65;116;186;450;666;991;1293;1442;2549;3526;3375;2731;1090
471;2019;07.01.19;19170;154;56;80;118;195;464;707;1016;1353;1477;2601;3681;3498;2632;1138
472;2019;14.01.19;19163;152;49;70;105;234;474;692;953;1291;1455;2697;3624;3560;2708;1099
473;2019;21.01.19;19505;141;57;60;90;214;429;752;1004;1321;1530;2678;3712;3567;2736;1214
474;2019;28.01.19;19812;158;39;78;117;230;414;757;1028;1350;1479;2821;3804;3623;2764;1150
475;2019;04.02.19;19981;163;64;88;105;220;465;739;1023;1363;1605;2712;3833;3656;2797;1148
476;2019;11.02.19;20150;166;48;80;119;206;440;739;1034;1392;1622;2868;3933;3634;2769;1100
477;2019;18.02.19;20349;156;44;75;104;227;473;712;976;1400;1587;2800;3876;3811;2901;1207
478;2019;25.02.19;20790;150;56;77;126;206;499;736;1073;1460;1608;2846;4019;3788;2938;1208
479;2019;04.03.19;20453;151;41;89;123;214;469;717;1084;1325;1538;2865;3996;3779;2897;1165
480;2019;11.03.19;19795;154;53;72;100;208;419;724;1012;1328;1554;2774;3791;3657;2819;1130
481;2019;18.03.19;19016;133;42;75;105;175;461;721;971;1282;1484;2609;3594;3503;2724;1137
482;2019;25.03.19;18562;159;63;64;114;200;399;649;967;1283;1459;2603;3604;3269;2663;1066
483;2019;01.04.19;18671;135;45;75;103;202;408;719;958;1296;1437;2682;3582;3406;2559;1064
484;2019;08.04.19;17852;144;61;71;112;205;397;651;908;1207;1393;2499;3472;3244;2476;1012
485;2019;15.04.19;18089;156;55;69;92;195;430;663;938;1274;1453;2544;3471;3210;2505;1034
486;2019;22.04.19;17894;127;60;74;77;201;413;703;926;1216;1475;2469;3443;3184;2481;1045
487;2019;29.04.19;17090;130;58;66;94;185;370;703;888;1199;1285;2379;3299;3015;2451;968
488;2019;06.05.19;17118;131;54;70;99;174;366;668;903;1248;1397;2445;3349;2965;2290;959
489;2019;13.05.19;17315;130;56;73;94;171;416;649;936;1239;1370;2441;3369;2966;2391;1014
490;2019;20.05.19;17080;155;47;63;107;202;373;689;901;1205;1394;2342;3277;3011;2338;976
491;2019;27.05.19;16921;144;30;61;111;196;422;678;852;1235;1356;2381;3148;2991;2384;932
492;2019;03.06.19;17491;168;61;77;120;195;412;663;915;1239;1371;2496;3350;3025;2390;1009
493;2019;10.06.19;16484;123;52;77;116;184;399;684;898;1190;1285;2293;3110;2915;2258;900
494;2019;17.06.19;16639;141;55;73;107;204;409;665;903;1130;1304;2293;3270;3007;2179;899
495;2019;24.06.19;17918;156;48;84;105;216;416;692;989;1210;1376;2421;3477;3235;2473;1020
496;2019;01.07.19;16552;149;52;69;110;181;385;698;904;1196;1340;2312;3171;2880;2200;905
497;2019;08.07.19;16319;119;42;60;94;164;378;647;870;1176;1335;2236;3142;2862;2266;928
498;2019;15.07.19;16856;147;48;68;94;175;396;691;931;1208;1270;2282;3261;3050;2315;920
499;2019;22.07.19;19630;176;54;84;100;206;429;675;981;1415;1563;2617;3921;3476;2769;1164
500;2019;29.07.19;17034;138;53;71;101;213;434;649;869;1247;1392;2246;3283;2984;2391;963
501;2019;05.08.19;16540;142;49;83;109;178;347;627;893;1192;1312;2361;3200;2906;2228;913
502;2019;12.08.19;15934;158;40;76;107;163;393;610;829;1127;1278;2158;3083;2794;2202;916
503;2019;19.08.19;16263;136;49;74;94;202;395;620;893;1189;1278;2267;3115;2850;2245;856
504;2019;26.08.19;17637;158;51;89;98;183;393;677;922;1236;1405;2360;3425;3253;2372;1015
505;2019;02.09.19;15988;139;47;85;107;191;389;630;841;1167;1281;2181;3048;2879;2130;873
506;2019;09.09.19;16303;128;61;72;102;185;432;622;838;1161;1271;2237;3197;2853;2223;921
507;2019;16.09.19;16500;148;59;71;88;168;409;681;876;1228;1280;2260;3120;2880;2307;925
508;2019;23.09.19;17402;127;43;72;102;183;409;660;957;1241;1357;2353;3404;3091;2431;972
509;2019;30.09.19;16899;160;44;57;103;189;395;605;894;1171;1373;2345;3263;3039;2314;947
510;2019;07.10.19;17666;126;52;96;94;178;403;689;915;1249;1356;2414;3371;3226;2496;1001
511;2019;14.10.19;17713;133;44;77;102;212;370;664;932;1183;1422;2411;3442;3190;2445;1086
512;2019;21.10.19;17327;135;49;80;112;176;370;633;958;1224;1386;2327;3374;3029;2453;1021
513;2019;28.10.19;17488;135;46;60;112;197;397;686;917;1213;1375;2444;3403;3060;2454;989
514;2019;04.11.19;17859;147;47;92;95;213;426;674;929;1250;1402;2372;3474;3210;2519;1009
515;2019;11.11.19;18242;135;46;72;120;181;420;750;924;1242;1472;2426;3585;3240;2592;1037
516;2019;18.11.19;18535;136;60;72;115;172;386;676;940;1193;1414;2428;3681;3479;2654;1129
517;2019;25.11.19;18581;133;47;74;90;207;337;669;991;1277;1431;2538;3620;3315;2743;1109
518;2019;02.12.19;19143;149;53;81;95;200;410;726;1030;1316;1534;2465;3703;3536;2763;1082
519;2019;09.12.19;19101;151;68;95;85;209;392;660;952;1302;1546;2628;3692;3545;2677;1099
520;2019;16.12.19;19062;154;36;78;93;175;408;707;958;1355;1519;2573;3719;3475;2695;1117
521;2019;23.12.19;18204;119;35;76;100;158;383;686;874;1254;1392;2366;3600;3402;2664;1095
522;2020;30.12.19;18883;137;74;82;119;203;392;730;983;1240;1420;2416;3662;3503;2783;1139
523;2020;06.01.20;19408;135;56;98;111;198;433;715;1000;1271;1558;2470;3738;3525;2926;1174
524;2020;13.01.20;18953;130;62;79;102;190;449;723;1003;1259;1459;2424;3701;3526;2746;1100
525;2020;20.01.20;18827;117;47;78;111;175;442;676;948;1329;1522;2502;3650;3456;2676;1098
526;2020;27.01.20;19774;160;41;79;117;193;455;722;988;1432;1488;2611;3931;3603;2768;1186
527;2020;03.02.20;19038;151;51;77;115;185;426;751;951;1310;1511;2520;3615;3519;2719;1137
528;2020;10.02.20;19648;153;41;72;128;199;407;738;1023;1336;1507;2621;3890;3563;2834;1136
529;2020;17.02.20;18953;154;45;90;100;198;410;670;1018;1374;1494;2440;3789;3363;2651;1157
530;2020;24.02.20;19505;142;55;73;106;202;384;717;1039;1300;1503;2533;3900;3523;2884;1144
531;2020;02.03.20;19667;168;53;71;111;165;406;737;997;1351;1512;2485;3803;3697;2911;1200
532;2020;09.03.20;19849;135;45;83;118;192;415;696;1036;1381;1596;2541;3963;3553;2890;1205
533;2020;16.03.20;19722;141;57;67;102;233;434;691;1037;1401;1561;2582;3808;3634;2798;1176
534;2020;23.03.20;19678;131;44;81;113;182;436;748;970;1360;1559;2505;3956;3634;2784;1175
535;2020;30.03.20;20662;135;52;89;129;214;412;724;1002;1399;1624;2761;4060;3880;2958;1223
536;2020;06.04.20;20502;127;44;80;113;199;437;737;1013;1414;1563;2609;4119;3843;2983;1221
537;2020;13.04.20;19261;140;62;77;129;182;420;663;941;1283;1524;2521;3829;3580;2805;1105
538;2020;20.04.20;18557;136;52;69;113;192;379;671;985;1241;1505;2366;3708;3396;2640;1104
539;2020;27.04.20;17920;126;54;85;106;199;343;718;948;1200;1448;2295;3596;3294;2448;1060
540;2020;04.05.20;17651;123;43;69;121;184;407;686;961;1250;1370;2216;3460;3249;2474;1038
541;2020;11.05.20;17001;133;53;70;127;182;407;687;912;1217;1421;2178;3283;3082;2290;959
542;2020;18.05.20;17163;158;31;73;111;198;392;662;912;1234;1388;2124;3306;3216;2368;990
543;2020;25.05.20;16776;124;45;103;95;167;387;694;980;1203;1348;2119;3217;3074;2269;951
544;2020;01.06.20;17262;127;48;76;106;182;405;664;910;1210;1385;2127;3338;3162;2466;1056
545;2020;08.06.20;16601;150;48;67;119;180;369;655;919;1156;1333;2052;3276;3004;2299;974
546;2020;15.06.20;16401;150;57;72;101;192;372;680;905;1197;1374;2062;3153;2937;2195;954
547;2020;22.06.20;17293;135;40;73;113;184;390;687;915;1238;1428;2179;3310;3183;2424;994
548;2020;29.06.20;16457;126;77;77;109;189;367;702;945;1174;1366;2096;3120;2950;2213;946
549;2020;06.07.20;16142;152;51;77;99;181;379;647;873;1173;1248;2040;3188;2839;2241;954
550;2020;13.07.20;16537;133;57;63;106;177;395;667;917;1167;1340;2202;3161;2967;2272;913
551;2020;20.07.20;16887;137;49;83;105;173;371;646;949;1241;1324;2107;3351;3027;2366;958
552;2020;27.07.20;17433;147;47;76;98;179;402;676;965;1200;1402;2181;3335;3185;2478;1062
553;2020;03.08.20;17470;127;41;67;122;203;397;640;895;1247;1439;2111;3431;3170;2515;1065
554;2020;10.08.20;19720;161;61;91;128;219;410;712;1037;1361;1537;2410;3958;3690;2821;1124
555;2020;17.08.20;17559;139;34;69;113;171;332;693;909;1245;1445;2124;3438;3259;2539;1049
556;2020;24.08.20;16656;146;48;62;87;139;357;648;896;1184;1297;2032;3241;3047;2420;1052
557;2020;31.08.20;16789;128;41;65;111;163;383;679;909;1216;1397;2065;3266;3083;2268;1015
558;2020;07.09.20;17155;144;58;74;100;190;375;617;921;1217;1402;2127;3421;3154;2383;972
559;2020;14.09.20;17555;133;61;80;107;174;398;675;910;1184;1373;2267;3398;3318;2416;1061
560;2020;21.09.20;17446;148;51;69;108;183;386;643;925;1281;1446;2142;3449;3161;2377;1077
561;2020;28.09.20;17614;127;49;76;105;168;364;710;954;1167;1439;2177;3519;3268;2477;1014
562;2020;05.10.20;17501;129;42;67;124;163;397;698;904;1275;1452;2092;3488;3182;2510;978
563;2020;12.10.20;17754;112;46;71;104;176;378;695;973;1238;1515;2201;3397;3254;2512;1082
564;2020;19.10.20;18588;140;51;89;104;178;371;743;979;1321;1546;2232;3573;3512;2631;1118
565;2020;26.10.20;18584;141;44;81;92;184;386;636;964;1296;1546;2233;3780;3417;2682;1102
566;2020;02.11.20;19007;125;46;74;107;154;383;717;991;1308;1558;2318;3674;3651;2715;1186
567;2020;09.11.20;19727;127;39;74;100;192;398;673;977;1374;1605;2327;4062;3852;2749;1178
568;2020;16.11.20;20182;132;56;74;128;172;399;724;998;1280;1574;2514;4053;3934;2934;1210
569;2020;23.11.20;21304;116;44;73;96;202;402;743;1027;1352;1668;2544;4343;4170;3212;1312
570;2020;30.11.20;22604;154;53;102;119;188;396;725;1043;1455;1866;2624;4669;4421;3403;1386
571;2020;07.12.20;24003;130;44;76;129;203;429;762;1083;1438;1857;2837;4901;4862;3686;1566
572;2020;14.12.20;24724;106;57;96;119;172;398;763;1136;1480;1926;2899;5092;5054;3879;1547
573;2020;21.12.20;25554;147;51;91;123;171;398;770;1127;1476;1981;2977;5304;5218;4013;1707
574;2020;28.12.20;25541;126;49;84;114;203;444;801;1131;1620;1882;2976;5379;5085;4013;1634
575;2021;04.01.21;24919;110;47;72;114;183;444;802;1205;1512;1908;2864;5181;4965;3901;1611
576;2021;11.01.21;24532;122;50;72;123;244;430;804;1168;1536;1921;2839;5095;4809;3783;1536
577;2021;18.01.21;24129;124;56;70;116;215;447;775;1133;1543;1908;2786;4958;4849;3619;1530
578;2021;25.01.21;22674;142;57;70;117;167;453;770;1049;1493;1866;2577;4686;4386;3403;1438
579;2021;01.02.21;21773;135;59;82;123;184;459;760;1091;1471;1757;2557;4325;4175;3191;1404
580;2021;08.02.21;20946;106;46;65;115;197;419;734;1110;1452;1700;2459;4256;4065;2941;1281
581;2021;15.02.21;20493;114;36;70;118;201;416;753;1077;1394;1722;2400;4151;3824;2979;1238
582;2021;22.02.21;18979;138;43;77;111;175;404;655;1007;1340;1609;2359;3817;3564;2592;1088
583;2021;01.03.21;18455;154;40;94;128;193;383;728;942;1313;1583;2188;3804;3384;2453;1068
584;2021;08.03.21;18606;109;66;77;110;179;400;688;1049;1324;1635;2198;3655;3490;2583;1043
585;2021;15.03.21;18374;146;53;80;101;204;371;669;926;1332;1632;2148;3741;3336;2539;1096
586;2021;22.03.21;18437;106;53;66;118;192;396;706;1019;1336;1615;2260;3512;3435;2584;1039
587;2021;29.03.21;18520;136;52;80;123;197;415;712;1017;1298;1627;2292;3698;3418;2451;1004
588;2021;05.04.21;18873;128;45;84;117;193;424;745;996;1409;1697;2166;3771;3473;2590;1035
589;2021;12.04.21;19098;140;55;71;110;198;405;817;1039;1382;1773;2304;3737;3462;2545;1060
590;2021;19.04.21;19282;154;53;79;129;189;471;758;1093;1483;1750;2322;3684;3495;2535;1087
591;2021;26.04.21;19555;116;57;78;132;191;486;776;1138;1443;1742;2382;3913;3490;2507;1104
592;2021;03.05.21;19329;148;52;94;153;208;434;782;1117;1421;1788;2274;3765;3563;2471;1059
593;2021;10.05.21;18579;131;42;98;124;195;385;696;1003;1397;1729;2167;3694;3364;2504;1050
594;2021;17.05.21;17811;150;55;79;117;190;399;742;1010;1356;1703;2024;3474;3238;2298;976
595;2021;24.05.21;17193;144;49;76;96;178;379;697;983;1284;1574;1973;3298;3104;2364;994
596;2021;31.05.21;18191;157;46;86;115;169;383;735;1003;1399;1563;2031;3524;3380;2539;1061
597;2021;07.06.21;17442;149;37;78;118;182;387;744;981;1261;1555;2009;3480;3125;2351;985
598;2021;14.06.21;19076;164;44;82;124;190;413;734;1067;1327;1699;2160;3729;3564;2611;1168
599;2021;21.06.21;17191;161;57;83;113;198;347;653;998;1240;1464;1967;3352;3174;2406;978
600;2021;28.06.21;17013;149;47;74;104;164;392;723;970;1215;1522;1862;3395;3136;2256;1004
601;2021;05.07.21;16994;144;58;54;99;186;364;685;962;1245;1576;1888;3314;3105;2295;1019
602;2021;12.07.21;17662;138;64;87;125;193;367;704;996;1348;1560;2028;3362;3210;2406;1074
603;2021;19.07.21;17613;151;49;64;100;201;382;677;987;1278;1557;1937;3430;3279;2445;1076
604;2021;26.07.21;17211;140;50;63;107;193;347;673;948;1192;1577;1985;3473;3169;2265;1029
605;2021;02.08.21;17021;147;46;82;91;167;394;695;943;1239;1509;1889;3241;3252;2299;1027
606;2021;09.08.21;17560;137;58;89;111;168;377;684;926;1221;1572;1948;3325;3258;2555;1131
607;2021;16.08.21;17501;135;63;79;126;193;367;672;920;1274;1505;1982;3396;3303;2413;1073
608;2021;23.08.21;17151;144;36;69;105;161;360;673;999;1184;1531;1922;3404;3235;2324;1004
609;2021;30.08.21;17341;136;56;89;105;185;381;674;1011;1213;1498;1939;3395;3234;2379;1046
610;2021;06.09.21;18879;158;61;80;109;201;379;701;982;1348;1665;2074;3741;3548;2670;1162
611;2021;13.09.21;18057;147;58;100;109;177;388;642;969;1239;1570;2005;3583;3464;2516;1090
612;2021;20.09.21;18157;152;51;81;132;179;396;699;1026;1313;1614;1980;3538;3392;2509;1095
613;2021;27.09.21;18129;143;44;87;114;162;360;687;978;1299;1672;1968;3576;3482;2499;1058
614;2021;04.10.21;18209;143;50;84;92;183;407;724;1017;1307;1578;1895;3677;3423;2599;1030
615;2021;11.10.21;18949;124;55;76;124;188;408;732;1055;1301;1658;2046;3743;3631;2686;1122
616;2021;18.10.21;19761;156;62;96;126;164;379;735;1064;1386;1742;2122;3916;3821;2763;1229
617;2021;25.10.21;20387;163;53;79;110;202;377;765;1015;1375;1799;2177;4157;3890;2942;1283
618;2021;01.11.21;20426;131;55;50;94;186;400;711;1060;1414;1716;2223;4090;4021;2942;1333
619;2021;08.11.21;21071;132;47;73;144;214;380;760;1060;1467;1743;2287;4223;4227;2991;1323
620;2021;15.11.21;22344;166;46;77;137;193;443;767;1178;1502;1924;2398;4501;4375;3263;1374
621;2021;22.11.21;23273;146;49;91;153;206;465;784;1233;1527;2070;2529;4723;4651;3224;1422
622;2021;29.11.21;24185;155;60;77;161;200;444;884;1256;1665;2138;2570;4928;4763;3400;1484
623;2021;06.12.21;24032;130;53;93;147;207;446;849;1278;1633;2067;2568;4820;4848;3402;1491
624;2021;13.12.21;23009;141;53;94;127;213;444;803;1196;1651;1989;2571;4600;4593;3151;1383
625;2021;20.12.21;22479;146;47;97;126;193;440;776;1194;1585;1991;2370;4582;4390;3158;1384
626;2021;27.12.21;22155;132;50;87;121;205;445;769;1178;1529;1984;2391;4400;4354;3102;1408
627;2022;03.01.22;20726;128;51;92;135;170;430;755;1177;1444;1764;2234;4129;4081;2848;1288
628;2022;10.01.22;19838;149;51;72;114;211;394;716;1069;1388;1787;2138;3979;3812;2745;1213
629;2022;17.01.22;19764;144;64;88;109;173;403;710;1084;1310;1737;2177;3869;3853;2828;1215
630;2022;24.01.22;20145;144;44;68;125;169;385;706;1169;1454;1761;2250;3923;3965;2760;1222
631;2022;31.01.22;20649;130;43;83;131;175;380;735;1084;1404;1726;2217;4165;4050;2962;1364
632;2022;07.02.22;20424;157;47;92;118;175;392;743;1110;1360;1801;2197;4002;3965;2930;1335
633;2022;14.02.22;21130;153;50;82;135;171;372;740;1030;1420;1833;2175;4238;4217;3152;1362
634;2022;21.02.22;20359;127;49;91;142;191;396;725;1008;1400;1684;2132;4134;4007;2900;1373
635;2022;28.02.22;20717;144;63;89;120;166;340;710;1046;1406;1734;2200;3999;4208;3098;1394
636;2022;07.03.22;21156;144;49;71;121;201;403;691;1021;1404;1789;2245;4290;4171;3175;1381
637;2022;14.03.22;21288;139;52;68;127;182;388;684;1029;1405;1820;2237;4293;4289;3190;1385
638;2022;21.03.22;21129;145;57;89;105;191;389;681;1068;1405;1886;2195;4162;4228;3132;1396
639;2022;28.03.22;20812;139;50;80;105;196;393;707;1066;1404;1797;2171;4153;4220;3026;1305
640;2022;04.04.22;20841;137;61;81;120;192;396;753;1062;1393;1779;2195;4092;4144;3046;1390
641;2022;11.04.22;20182;153;52;89;124;188;382;717;1023;1349;1834;2102;3930;4003;2944;1292
642;2022;18.04.22;19497;101;65;83;129;170;372;668;1042;1353;1692;2036;3929;3748;2810;1299
643;2022;25.04.22;19281;127;51;78;127;163;359;689;1012;1369;1724;2021;3700;3855;2759;1247
644;2022;02.05.22;19096;148;52;81;127;176;353;665;1016;1381;1750;2050;3635;3832;2644;1186
645;2022;09.05.22;19144;140;38;89;136;162;388;738;1072;1322;1696;2012;3718;3706;2706;1221
646;2022;16.05.22;18429;139;44;81;128;182;359;641;1066;1302;1614;2024;3650;3591;2503;1105
647;2022;23.05.22;17091;140;58;74;108;169;325;622;888;1228;1533;1866;3326;3329;2411;1014
648;2022;30.05.22;17946;116;55;83;113;160;347;651;972;1312;1606;1846;3544;3578;2475;1088
649;2022;06.06.22;17812;132;47;105;129;152;384;647;974;1243;1592;1880;3409;3524;2484;1110
650;2022;13.06.22;18269;166;47;89;115;174;320;653;1048;1297;1695;1934;3600;3563;2497;1071
651;2022;20.06.22;18823;170;64;75;116;157;353;712;1011;1354;1650;2041;3609;3725;2600;1186
652;2022;27.06.22;18336;151;44;73;118;187;377;696;985;1354;1643;1923;3526;3567;2555;1137
653;2022;04.07.22;17923;143;54;94;134;162;369;638;976;1239;1675;1995;3450;3470;2498;1026
654;2022;11.07.22;18768;133;68;80;120;163;369;704;1013;1356;1663;2016;3706;3665;2620;1092
655;2022;18.07.22;20762;156;61;84;126;168;393;695;1139;1393;1868;2200;4094;4152;2952;1281
656;2022;25.07.22;20045;140;56;85;129;168;362;695;1041;1348;1749;2203;3898;4071;2806;1294
657;2022;01.08.22;19399;132;41;80;110;156;339;649;981;1330;1697;1965;3909;4025;2779;1206
658;2022;08.08.22;19486;133;51;71;137;174;376;707;992;1355;1741;2087;3763;3908;2766;1225
659;2022;15.08.22;19719;101;49;61;125;150;340;694;1079;1348;1711;2034;3840;3979;2919;1289
